rank,channel_name,playlist_title,language,level,video_count,duration_hours,description,channel_url,playlist_url,link_status
1,Kunal Kushwaha,Java + DSA Bootcamp,English,Beginner-Advanced,70,40,The ultimate deep dive into DSA using Java. Extremely detailed and perfect for absolute beginners to advanced levels with assignments and bootcamp-style learning.,https://www.youtube.com/@KunalKushwaha,https://www.youtube.com/playlist?list=PL9gnSGHSqcnr_DxHsP7AW9ftq0AtAyYqJ,✅ Active
2,Pepcoding,DSA in Java (Level 1 & 2),English,Intermediate-Advanced,200,50,Problem-solving mastery focused heavily on pattern recognition and solving hundreds of questions for competitive and interview preparation in Java.,https://www.youtube.com/@Pepcoding,https://www.youtube.com/playlist?list=PL-Jc9J83PIiFj7YSPl2ulcpwy-mwj1SSk,✅ Active
3,Apna College (Shradha Didi),Java + DSA Series,Hindi/English,Beginner-Intermediate,100,35,Placement-ready highly structured DSA course in Java beginner-friendly and focused on product-based company interviews covering arrays to graphs.,https://www.youtube.com/@ApnaCollegeOfficial,https://www.youtube.com/playlist?list=PLfqMhTWNBTe3LtFWcvwpqTkUSlB32kJop,✅ Active
4,Anuj Bhaiya,DSA in Java,Hindi/English,Beginner-Intermediate,60,25,Clear and concise DSA course in Java with excellent whiteboard explanations before jumping into code making concepts crystal clear.,https://www.youtube.com/@AnujBhaiya,https://www.youtube.com/playlist?list=PLUcsbZa0qzu3yNzzAxgvSgRobdUUJvz7p,✅ Active
5,Telusko,Data Structures and Algorithms in Java,English,Beginner,80,15,Simple and easy DSA course in Java at a slower pace. Great for making sure core theory is solid before moving to complex topics.,https://www.youtube.com/@Telusko,https://www.youtube.com/playlist?list=PLsyeobzWxl7oRKwDi7wjrANsbhTX0IK0J,✅ Active
6,CodeHelp - by Babbar,DSA Supreme (Java),Hindi/English,Beginner-Intermediate,150,45,Comprehensive DSA course in Java by Love Babbar. Covers all major topics with a focus on placement preparation and interview cracking strategies.,https://www.youtube.com/@CodeHelp,https://www.youtube.com/playlist?list=PLDzeHZWIZsTqNW1gvXXAicBgku9uPZeOC,✅ Active
7,College Wallah,DSA in Java,Hindi/English,Beginner-Intermediate,100,30,Structured DSA in Java series for engineering students covering all core topics with an academic focus and placement-oriented practice.,https://www.youtube.com/@collegewallah,https://www.youtube.com/playlist?list=PLxgZQoSe9cg2uGKIRzUbWaHRjEuZnAnhj,✅ Active
8,GeeksforGeeks,Data Structures and Algorithms,English,Beginner-Advanced,120,25,Official GeeksforGeeks DSA playlist covering all major data structures and algorithms with clear explanations and standard problem walkthroughs.,https://www.youtube.com/@GeeksforGeeksVideos,https://www.youtube.com/playlist?list=PLqM7alHXFySGwOTADxwHrgH8m_XpgrB-k,✅ Active
9,Abdul Bari,Algorithms,English,Intermediate-Advanced,86,20,World-renowned algorithm series with deep theoretical explanations of sorting searching graph algorithms dynamic programming and complexity analysis.,https://www.youtube.com/@abdul_bari,https://www.youtube.com/playlist?list=PLDN4rrl48XKpZkf03iYFl-O29szjTrs_O,✅ Active
10,Dinesh Varyani,Data Structures and Algorithms in Java,English,Beginner-Intermediate,80,18,Practical DSA course implemented in Java covering linked lists stacks queues trees graphs and sorting algorithms step by step.,https://www.youtube.com/@dineshvaryani,https://www.youtube.com/playlist?list=PL6Zs6LgrJj3tDXv8a_elC6eT_4R5gfX4d,✅ Active
 